SNO,MovieName,Year,Duration,Rating,Meta_score,DirectorName
1,The Shawshank Redemption,1994,142 min,9.3,80,Frank Darabont
2,The Godfather,1972,175 min,9.2,100,Francis Ford Coppola
3,The Dark Knight,2008,152 min,9,84,Christopher
4,The Godfather: Part II,1974,202 min,9,90,Francis Ford Coppola
5,12 Angry Men,1957,96 min,9,96,Sidney Lumet
6,The Lord of the Rings: The Return of the King,2003,201 min,8.9,94,Peter Jackson
7,Pulp Fiction,1994,154 min,8.9,94,Quentin Tarantino
8,Schindler's List,1993,195 min,8.9,94,Steven Spielberg
9,Inception,2010,148 min,8.8,74,Christopher 
10,Fight Club,1999,139 min,8.8,66,David Fincher
11,The Lord of the Rings: The Fellowship of the Ring,2001,178 min,8.8,92,Peter Jackson
12,Forrest Gump,1994,142 min,8.8,82,Robert Zemeckis
13,"Il buono, il brutto, il cattivo",1966,161 min,8.8,90,Sergio Leone
14,The Lord of the Rings: The Two Towers,2002,179 min,8.7,87,Peter Jackson
15,The Matrix,1999,136 min,8.7,73,Lana Wachowski
16,Goodfellas,1990,146 min,8.7,90,Martin Scorsese
17,Star Wars: Episode V - The Empire Strikes Back,1980,124 min,8.7,82,Irvin Kershner
18,One Flew Over the Cuckoo's Nest,1975,133 min,8.7,83,Milos Forman
19,Hamilton,2020,160 min,8.6,90,Thomas Kail
20,Gisaengchung,2019,132 min,8.6,96,Bong Joon Ho
21,Soorarai Pottru,2020,153 min,8.6,,Sudha Kongara
22,Interstellar,2014,169 min,8.6,74,Christopher 
23,Cidade de Deus,2002,130 min,8.6,79,Fernando Meirelles
24,Sen to Chihiro no kamikakushi,2001,125 min,8.6,96,Hayao Miyazaki
25,Saving Private Ryan,1998,169 min,8.6,91,Steven Spielberg
26,The Green Mile,1999,189 min,8.6,61,Frank Darabont
27,La vita è bella,1997,116 min,8.6,59,Roberto Benigni
28,Se7en,1995,127 min,8.6,65,David Fincher
29,The Silence of the Lambs,1991,118 min,8.6,85,Jonathan Demme
30,Star Wars,1977,121 min,8.6,90,George Lucas
31,Seppuku,1962,133 min,8.6,85,Masaki Kobayashi
32,Shichinin no samurai,1954,207 min,8.6,98,Akira Kurosawa
33,It's a Wonderful Life,1946,130 min,8.6,89,Frank Capra
34,Joker,2019,122 min,8.5,59,Todd Phillips
35,Whiplash,2014,106 min,8.5,88,Damien Chazelle
36,The Intouchables,2011,112 min,8.5,57,Olivier Nakache
37,The Prestige,2006,130 min,8.5,66,Christopher 
38,The Departed,2006,151 min,8.5,85,Martin Scorsese
39,The Pianist,2002,150 min,8.5,85,Roman Polanski
40,Gladiator,2000,155 min,8.5,67,Ridley Scott
41,American History X,1998,119 min,8.5,62,Tony Kaye
42,The Usual Suspects,1995,106 min,8.5,77,Bryan Singer
43,Léon,1994,110 min,8.5,64,Luc Besson
44,The Lion King,1994,88 min,8.5,88,Roger Allers
45,Terminator 2: Judgment Day,1991,137 min,8.5,75,James Cameron
46,Nuovo Cinema Paradiso,1988,155 min,8.5,80,Giuseppe Tornatore
47,Hotaru no haka,1988,89 min,8.5,94,Isao Takahata
48,Back to the Future,1985,116 min,8.5,87,Robert Zemeckis
49,Once Upon a Time in the West,1968,165 min,8.5,80,Sergio Leone
50,Psycho,1960,109 min,8.5,97,Alfred Hitchcock
51,Casablanca,1942,102 min,8.5,100,Michael Curtiz
52,Modern Times,1936,87 min,8.5,96,Charles Chaplin
53,City Lights,1931,87 min,8.5,99,Charles Chaplin
54,Capharnaüm,2018,126 min,8.4,75,Nadine Labaki
55,Ayla: The Daughter of War,2017,125 min,8.4,,Can Ulkay
56,Vikram Vedha,2017,147 min,8.4,,Gayatri
57,Kimi no na wa.,2016,106 min,8.4,79,Makoto Shinkai
58,Dangal,2016,161 min,8.4,,Nitesh Tiwari
59,Spider-Man: Into the Spider-Verse,2018,117 min,8.4,87,Bob Persichetti
60,Avengers: Endgame,2019,181 min,8.4,78,Anthony Russo
61,Avengers: Infinity War,2018,149 min,8.4,68,Anthony Russo
62,Coco,2017,105 min,8.4,81,Lee Unkrich
63,Django Unchained,2012,165 min,8.4,81,Quentin Tarantino
64,The Dark Knight Rises,2012,164 min,8.4,78,Christopher 
65,3 Idiots,2009,170 min,8.4,67,Rajkumar Hirani
66,Taare Zameen Par,2007,165 min,8.4,,Aamir Khan
67,WALL·E,2008,98 min,8.4,95,Andrew Stanton
68,The Lives of Others,2006,137 min,8.4,89,Florian Henckel von Donnersmarck
69,Oldeuboi,2003,101 min,8.4,77,Chan-wook Park
70,Memento,2000,113 min,8.4,80,Christopher Nolan
71,Mononoke-hime,1997,134 min,8.4,76,Hayao Miyazaki
72,Once Upon a Time in America,1984,229 min,8.4,,Sergio Leone
73,Raiders of the Lost Ark,1981,115 min,8.4,85,Steven Spielberg
74,The Shining,1980,146 min,8.4,66,Stanley Kubrick
75,Apocalypse Now,1979,147 min,8.4,94,Francis Ford Coppola
76,Alien,1979,117 min,8.4,89,Ridley Scott
77,Anand,1971,122 min,8.4,,Hrishikesh Mukherjee
78,Tengoku to jigoku,1963,143 min,8.4,,Akira Kurosawa
79,Dr. Strangelove or: How I Learned to Stop Worrying and Love the Bomb,1964,95 min,8.4,97,Stanley Kubrick
80,Witness for the Prosecution,1957,116 min,8.4,,Billy Wilder
81,Paths of Glory,1957,88 min,8.4,90,Stanley Kubrick
82,Rear Window,1954,112 min,8.4,100,Alfred Hitchcock
83,Sunset Blvd.,1950,110 min,8.4,,Billy Wilder
84,The Great Dictator,1940,125 min,8.4,,Charles Chaplin
85,1917,2019,119 min,8.3,78,Sam Mendes
86,Tumbbad,2018,104 min,8.3,,Rahi Anil Barve
87,Andhadhun,2018,139 min,8.3,,Sriram Raghavan
88,Drishyam,2013,160 min,8.3,,Jeethu Joseph
89,Jagten,2012,115 min,8.3,77,Thomas Vinterberg
90,Jodaeiye Nader az Simin,2011,123 min,8.3,95,Asghar Farhadi
91,Incendies,2010,131 min,8.3,80,Denis Villeneuve
92,Miracle in cell NO.7,2019,132 min,8.3,,Mehmet Ada Öztekin
93,Babam ve Oglum,2005,112 min,8.3,,Çagan Irmak
94,Inglourious Basterds,2009,153 min,8.3,69,Quentin Tarantino
95,Eternal Sunshine of the Spotless Mind,2004,108 min,8.3,89,Michel Gondry
96,Amélie,2001,122 min,8.3,69,Jean-Pierre Jeunet
97,Snatch,2000,104 min,8.3,55,Guy Ritchie
98,Requiem for a Dream,2000,102 min,8.3,68,Darren Aronofsky
99,American Beauty,1999,122 min,8.3,84,Sam Mendes
100,Good Will Hunting,1997,126 min,8.3,70,Gus Van Sant
101,Bacheha-Ye aseman,1997,89 min,8.3,77,Majid Majidi
102,Toy Story,1995,81 min,8.3,95,John Lasseter
103,Braveheart,1995,178 min,8.3,68,Mel Gibson
104,Reservoir Dogs,1992,99 min,8.3,79,Quentin Tarantino
105,Full Metal Jacket,1987,116 min,8.3,76,Stanley Kubrick
106,Idi i smotri,1985,142 min,8.3,,Elem Klimov
107,Aliens,1986,137 min,8.3,84,James Cameron
108,Amadeus,1984,160 min,8.3,88,Milos Forman
109,Scarface,1983,170 min,8.3,65,Brian De Palma
110,Star Wars: Episode VI - Return of the Jedi,1983,131 min,8.3,58,Richard Marquand
111,Das Boot,1981,149 min,8.3,86,Wolfgang Petersen
112,Taxi Driver,1976,114 min,8.3,94,Martin Scorsese
113,The Sting,1973,129 min,8.3,83,George Roy Hill
114,A Clockwork Orange,1971,136 min,8.3,77,Stanley Kubrick
115,2001: A Space Odyssey,1968,149 min,8.3,84,Stanley Kubrick
116,Per qualche dollaro in più,1965,132 min,8.3,74,Sergio Leone
117,Lawrence of Arabia,1962,228 min,8.3,100,David Lean
118,The Apartment,1960,125 min,8.3,94,Billy Wilder
119,North by Northwest,1959,136 min,8.3,98,Alfred Hitchcock
120,Vertigo,1958,128 min,8.3,100,Alfred Hitchcock
121,Singin' in the Rain,1952,103 min,8.3,99,Stanley Donen
122,Ikiru,1952,143 min,8.3,,Akira Kurosawa
123,Ladri di biciclette,1948,89 min,8.3,,Vittorio De Sica
124,Double Indemnity,1944,107 min,8.3,95,Billy Wilder
125,Citizen Kane,1941,119 min,8.3,100,Orson Welles
126,M - Eine Stadt sucht einen Mörder,1931,117 min,8.3,,Fritz Lang
127,Metropolis,1927,153 min,8.3,98,Fritz Lang
128,The Kid,1921,68 min,8.3,,Charles Chaplin
129,Chhichhore,2019,143 min,8.2,,Nitesh Tiwari
130,Uri: The Surgical Strike,2018,138 min,8.2,,Aditya Dhar
131,K.G.F: Chapter 1,2018,156 min,8.2,,Prashanth Neel
132,Green Book,2018,130 min,8.2,69,Peter Farrelly
133,"Three Billboards Outside Ebbing, Missouri",2017,115 min,8.2,88,Martin McDonagh
134,Talvar,2015,132 min,8.2,,Meghna Gulzar
135,Baahubali 2: The Conclusion,2017,167 min,8.2,,S.S. Rajamouli
136,Klaus,2019,96 min,8.2,65,Sergio Pablos
137,Drishyam,2015,163 min,8.2,,Nishikant Kamat
138,Queen,2013,146 min,8.2,,Vikas Bahl
139,Mandariinid,2013,87 min,8.2,73,Zaza Urushadze
140,Bhaag Milkha Bhaag,2013,186 min,8.2,,Rakeysh Omprakash Mehra
141,Gangs of Wasseypur,2012,321 min,8.2,89,Anurag Kashyap
142,Udaan,2010,134 min,8.2,,Vikramaditya Motwane
143,Paan Singh Tomar,2012,135 min,8.2,,Tigmanshu Dhulia
144,El secreto de sus ojos,2009,129 min,8.2,80,Juan José Campanella
145,Warrior,2011,140 min,8.2,71,Gavin O'Connor
146,Shutter Island,2010,138 min,8.2,63,Martin Scorsese
147,Up,2009,96 min,8.2,88,Pete Docter
148,The Wolf of Wall Street,2013,180 min,8.2,75,Martin Scorsese
149,Chak De! India,2007,153 min,8.2,68,Shimit Amin
150,There Will Be Blood,2007,158 min,8.2,93,Paul Thomas Anderson
151,Pan's Labyrinth,2006,118 min,8.2,98,Guillermo del Toro
152,Toy Story 3,2010,103 min,8.2,92,Lee Unkrich
153,V for Vendetta,2005,132 min,8.2,62,James McTeigue
154,Rang De Basanti,2006,167 min,8.2,,Rakeysh Omprakash Mehra
155,Black,2005,122 min,8.2,,Sanjay Leela Bhansali
156,Batman Begins,2005,140 min,8.2,70,Christopher 
157,"Swades: We, the People",2004,210 min,8.2,,Ashutosh Gowariker
158,Der Untergang,2004,156 min,8.2,82,Oliver Hirschbiegel
159,Hauru no ugoku shiro,2004,119 min,8.2,80,Hayao Miyazaki
160,A Beautiful Mind,2001,135 min,8.2,72,Ron Howard
161,Hera Pheri,2000,156 min,8.2,,Priyadarshan
162,"Lock, Stock and Two Smoking Barrels",1998,107 min,8.2,66,Guy Ritchie
163,L.A. Confidential,1997,138 min,8.2,90,Curtis Hanson
164,Eskiya,1996,128 min,8.2,,Yavuz Turgul
165,Heat,1995,170 min,8.2,76,Michael Mann
166,Casino,1995,178 min,8.2,73,Martin Scorsese
167,Andaz Apna Apna,1994,160 min,8.2,,Rajkumar Santoshi
168,Unforgiven,1992,130 min,8.2,85,Clint Eastwood
169,Indiana Jones and the Last Crusade,1989,127 min,8.2,65,Steven Spielberg
170,Dom za vesanje,1988,142 min,8.2,,Emir Kusturica
171,Tonari no Totoro,1988,86 min,8.2,86,Hayao Miyazaki
172,Die Hard,1988,132 min,8.2,72,John McTiernan
173,Ran,1985,162 min,8.2,96,Akira Kurosawa
174,Raging Bull,1980,129 min,8.2,89,Martin Scorsese
175,Stalker,1979,162 min,8.2,,Andrei Tarkovsky
176,Höstsonaten,1978,99 min,8.2,,Ingmar Bergman
177,The Message,1976,177 min,8.2,,Moustapha Akkad
178,Sholay,1975,204 min,8.2,,Ramesh Sippy
179,Monty Python and the Holy Grail,1975,91 min,8.2,91,Terry Gilliam
180,The Great Escape,1963,172 min,8.2,86,John Sturges
181,To Kill a Mockingbird,1962,129 min,8.2,88,Robert Mulligan
182,Yôjinbô,1961,110 min,8.2,,Akira Kurosawa
183,Judgment at Nuremberg,1961,179 min,8.2,60,Stanley Kramer
184,Some Like It Hot,1959,121 min,8.2,98,Billy Wilder
185,Smultronstället,1957,91 min,8.2,88,Ingmar Bergman
186,Det sjunde inseglet,1957,96 min,8.2,88,Ingmar Bergman
187,Du rififi chez les hommes,1955,118 min,8.2,97,Jules Dassin
188,Dial M for Murder,1954,105 min,8.2,75,Alfred Hitchcock
189,Tôkyô monogatari,1953,136 min,8.2,,Yasujirô Ozu
190,Rashômon,1950,88 min,8.2,98,Akira Kurosawa
191,All About Eve,1950,138 min,8.2,98,Joseph L. Mankiewicz
192,The Treasure of the Sierra Madre,1948,126 min,8.2,98,John Huston
193,To Be or Not to Be,1942,99 min,8.2,86,Ernst Lubitsch
194,The Gold Rush,1925,95 min,8.2,,Charles Chaplin
195,Sherlock Jr.,1924,45 min,8.2,,Buster Keaton
196,Portrait de la jeune fille en feu,2019,122 min,8.1,95,Céline Sciamma
197,Pink,2016,136 min,8.1,,Aniruddha Roy Chowdhury
198,Koe no katachi,2016,130 min,8.1,78,Naoko Yamada
199,Contratiempo,2016,106 min,8.1,,Oriol Paulo
200,Ah-ga-ssi,2016,145 min,8.1,84,Chan-wook Park
201,Mommy,2014,139 min,8.1,74,Xavier Dolan
202,Haider,2014,160 min,8.1,,Vishal Bhardwaj
203,Logan,2017,137 min,8.1,77,James Mangold
204,Room,2015,118 min,8.1,86,Lenny Abrahamson
205,Relatos salvajes,2014,122 min,8.1,77,Damián Szifron
206,Soul,2020,100 min,8.1,83,Pete Docter
207,Kis Uykusu,2014,196 min,8.1,88,Nuri Bilge Ceylan
208,PK,2014,153 min,8.1,,Rajkumar Hirani
209,OMG: Oh My God!,2012,125 min,8.1,,Umesh Shukla
210,The Grand Budapest Hotel,2014,99 min,8.1,88,Wes Anderson
211,Gone Girl,2014,149 min,8.1,79,David Fincher
212,Ôkami kodomo no Ame to Yuki,2012,117 min,8.1,71,Mamoru Hosoda
213,Hacksaw Ridge,2016,139 min,8.1,71,Mel Gibson
214,Inside Out,2015,95 min,8.1,94,Pete Docter
215,Barfi!,2012,151 min,8.1,,Anurag Basu
216,12 Years a Slave,2013,134 min,8.1,96,Steve McQueen
217,Rush,2013,123 min,8.1,74,Ron Howard
218,Ford v Ferrari,2019,152 min,8.1,81,James Mangold
219,Spotlight,2015,129 min,8.1,93,Tom McCarthy
220,Song of the Sea,2014,93 min,8.1,85,Tomm Moore
221,Kahaani,2012,122 min,8.1,,Sujoy Ghosh
222,Zindagi Na Milegi Dobara,2011,155 min,8.1,,Zoya Akhtar
223,Prisoners,2013,153 min,8.1,70,Denis Villeneuve
224,Mad Max: Fury Road,2015,120 min,8.1,90,George Miller
225,A Wednesday,2008,104 min,8.1,,Neeraj Pandey
226,Gran Torino,2008,116 min,8.1,72,Clint Eastwood
227,Harry Potter and the Deathly Hallows: Part 2,2011,130 min,8.1,85,David Yates
228,Okuribito,2008,130 min,8.1,68,Yôjirô Takita
229,Hachi: A Dog's Tale,2009,93 min,8.1,,Lasse Hallström
230,Mary and Max,2009,92 min,8.1,,Adam Elliot
231,How to Train Your Dragon,2010,98 min,8.1,75,Dean DeBlois
232,Into the Wild,2007,148 min,8.1,73,Sean Penn
233,No Country for Old Men,2007,122 min,8.1,91,Ethan Coen
234,Lage Raho Munna Bhai,2006,144 min,8.1,,Rajkumar Hirani
235,Million Dollar Baby,2004,132 min,8.1,86,Clint Eastwood
236,Hotel Rwanda,2004,121 min,8.1,79,Terry George
237,Taegukgi hwinalrimyeo,2004,140 min,8.1,64,Je-kyu Kang
238,Before Sunset,2004,80 min,8.1,90,Richard Linklater
239,Munna Bhai M.B.B.S.,2003,156 min,8.1,,Rajkumar Hirani
240,Salinui chueok,2003,131 min,8.1,82,Bong Joon Ho
241,Dil Chahta Hai,2001,183 min,8.1,,Farhan Akhtar
242,Kill Bill: Vol. 1,2003,111 min,8.1,69,Quentin Tarantino
243,Finding Nemo,2003,100 min,8.1,90,Andrew Stanton
244,Catch Me If You Can,2002,141 min,8.1,75,Steven Spielberg
245,Amores perros,2000,154 min,8.1,83,Alejandro G. Iñárritu
246,"Monsters, Inc.",2001,92 min,8.1,79,Pete Docter
247,"Shin seiki Evangelion Gekijô-ban: Air/Magokoro wo, kimi ni",1997,87 min,8.1,,Hideaki Anno
248,Lagaan: Once Upon a Time in India,2001,224 min,8.1,84,Ashutosh Gowariker
249,The Sixth Sense,1999,107 min,8.1,64,M. Night Shyamalan
250,La leggenda del pianista sull'oceano,1998,169 min,8.1,58,Giuseppe Tornatore
251,The Truman Show,1998,103 min,8.1,90,Peter Weir
252,"Crna macka, beli macor",1998,127 min,8.1,73,Emir Kusturica
253,The Big Lebowski,1998,117 min,8.1,71,Joel Coen
254,Fa yeung nin wah,2000,98 min,8.1,85,Kar-Wai Wong
255,Trainspotting,1996,93 min,8.1,83,Danny Boyle
256,Fargo,1996,98 min,8.1,85,Joel Coen
257,Underground,1995,170 min,8.1,,Emir Kusturica
258,La haine,1995,98 min,8.1,,Mathieu Kassovitz
259,Dilwale Dulhania Le Jayenge,1995,189 min,8.1,,Aditya Chopra
260,Before Sunrise,1995,101 min,8.1,77,Richard Linklater
261,Trois couleurs: Rouge,1994,99 min,8.1,100,Krzysztof Kieslowski
262,Chung Hing sam lam,1994,102 min,8.1,77,Kar-Wai Wong
263,Jurassic Park,1993,127 min,8.1,68,Steven Spielberg
264,In the Name of the Father,1993,133 min,8.1,84,Jim Sheridan
265,Ba wang bie ji,1993,171 min,8.1,,Kaige Chen
266,Dà hóng denglong gaogao guà,1991,125 min,8.1,,Yimou Zhang
267,Dead Poets Society,1989,128 min,8.1,79,Peter Weir
268,Stand by Me,1986,89 min,8.1,75,Rob Reiner
269,Platoon,1986,120 min,8.1,92,Oliver Stone
270,"Paris, Texas",1984,145 min,8.1,78,Wim Wenders
271,Kaze no tani no Naushika,1984,117 min,8.1,86,Hayao Miyazaki
272,The Thing,1982,109 min,8.1,57,John Carpenter
273,Pink Floyd: The Wall,1982,95 min,8.1,47,Alan Parker
274,Fitzcarraldo,1982,158 min,8.1,,Werner Herzog
275,Fanny och Alexander,1982,188 min,8.1,100,Ingmar Bergman
276,Blade Runner,1982,117 min,8.1,84,Ridley Scott
277,The Elephant Man,1980,124 min,8.1,78,David Lynch
278,Life of Brian,1979,94 min,8.1,77,Terry Jones
279,The Deer Hunter,1978,183 min,8.1,86,Michael Cimino
280,Rocky,1976,120 min,8.1,70,John G. Avildsen
281,Network,1976,121 min,8.1,83,Sidney Lumet
282,Barry Lyndon,1975,185 min,8.1,89,Stanley Kubrick
283,Zerkalo,1975,107 min,8.1,,Andrei Tarkovsky
284,Chinatown,1974,130 min,8.1,92,Roman Polanski
285,Paper Moon,1973,102 min,8.1,77,Peter Bogdanovich
286,Viskningar och rop,1972,91 min,8.1,,Ingmar Bergman
287,Solaris,1972,167 min,8.1,90,Andrei Tarkovsky
288,Le samouraï,1967,105 min,8.1,,Jean-Pierre Melville
289,Cool Hand Luke,1967,127 min,8.1,92,Stuart Rosenberg
290,Persona,1966,85 min,8.1,86,Ingmar Bergman
291,Andrei Rublev,1966,205 min,8.1,,Andrei Tarkovsky
292,La battaglia di Algeri,1966,121 min,8.1,96,Gillo Pontecorvo
293,El ángel exterminador,1962,95 min,8.1,,Luis Buñuel
294,What Ever Happened to Baby Jane?,1962,134 min,8.1,75,Robert Aldrich
295,Sanjuro,1962,96 min,8.1,,Akira Kurosawa
296,The Man Who Shot Liberty Valance,1962,123 min,8.1,94,John Ford
297,Ivanovo detstvo,1962,95 min,8.1,,Andrei Tarkovsky
298,Jungfrukällan,1960,89 min,8.1,,Ingmar Bergman
299,Inherit the Wind,1960,128 min,8.1,75,Stanley Kramer
300,Les quatre cents coups,1959,99 min,8.1,,François Truffaut
301,Ben-Hur,1959,212 min,8.1,90,William Wyler
302,Kakushi-toride no san-akunin,1958,139 min,8.1,,Akira Kurosawa
303,Le notti di Cabiria,1957,110 min,8.1,,Federico Fellini
304,Kumonosu-jô,1957,110 min,8.1,,Akira Kurosawa
305,The Bridge on the River Kwai,1957,161 min,8.1,87,David Lean
306,On the Waterfront,1954,108 min,8.1,91,Elia Kazan
307,Le salaire de la peur,1953,131 min,8.1,85,Henri-Georges Clouzot
308,Ace in the Hole,1951,111 min,8.1,72,Billy Wilder
309,White Heat,1949,114 min,8.1,,Raoul Walsh
310,The Third Man,1949,104 min,8.1,97,Carol Reed
311,The Red Shoes,1948,135 min,8.1,,Michael Powell
312,The Shop Around the Corner,1940,99 min,8.1,96,Ernst Lubitsch
313,Rebecca,1940,130 min,8.1,86,Alfred Hitchcock
314,Mr. Smith Goes to Washington,1939,129 min,8.1,73,Frank Capra
315,Gone with the Wind,1939,238 min,8.1,97,Victor Fleming
316,La Grande Illusion,1937,113 min,8.1,,Jean Renoir
317,It Happened One Night,1934,105 min,8.1,87,Frank Capra
318,La passion de Jeanne d'Arc,1928,110 min,8.1,,Carl Theodor Dreyer
319,The Circus,1928,72 min,8.1,90,Charles Chaplin
320,Sunrise: A Song of Two Humans,1927,94 min,8.1,,F.W. Murnau
321,The General,1926,67 min,8.1,,Clyde Bruckman
322,Das Cabinet des Dr. Caligari,1920,76 min,8.1,,Robert Wiene
323,Badhaai ho,2018,124 min,8,,Amit Ravindernath Sharma
324,Togo,2019,113 min,8,69,Ericson Core
325,Airlift,2016,130 min,8,,Raja Menon
326,Bajrangi Bhaijaan,2015,163 min,8,,Kabir Khan
327,Baby,2015,159 min,8,,Neeraj Pandey
328,La La Land,2016,128 min,8,94,Damien Chazelle
329,Lion,2016,118 min,8,69,Garth Davis
330,The Martian,2015,144 min,8,80,Ridley Scott
331,Zootopia,2016,108 min,8,78,Byron Howard
332,Bãhubali: The Beginning,2015,159 min,8,,S.S. Rajamouli
333,Kaguyahime no monogatari,2013,137 min,8,89,Isao Takahata
334,Wonder,2017,113 min,8,66,Stephen Chbosky
335,Gully Boy,2019,154 min,8,65,Zoya Akhtar
336,Special Chabbis,2013,144 min,8,,Neeraj Pandey
337,Short Term 12,2013,96 min,8,82,Destin Daniel Cretton
338,Serbuan maut 2: Berandal,2014,150 min,8,71,Gareth Evans
339,The Imitation Game,2014,114 min,8,73,Morten Tyldum
340,Guardians of the Galaxy,2014,121 min,8,76,James Gunn
341,Blade Runner 2049,2017,164 min,8,81,Denis Villeneuve
342,Her,2013,126 min,8,90,Spike Jonze
343,Bohemian Rhapsody,2018,134 min,8,49,Bryan Singer
344,The Revenant,2015,156 min,8,76,Alejandro G. Iñárritu
345,The Perks of Being a Wallflower,2012,103 min,8,67,Stephen Chbosky
346,Tropa de Elite 2: O Inimigo Agora é Outro,2010,115 min,8,71,José Padilha
347,The King's Speech,2010,118 min,8,88,Tom Hooper
348,The Help,2011,146 min,8,62,Tate Taylor
349,Deadpool,2016,108 min,8,65,Tim Miller
350,Darbareye Elly,2009,119 min,8,87,Asghar Farhadi
351,Dev.D,2009,144 min,8,,Anurag Kashyap
352,Yip Man,2008,106 min,8,59,Wilson Yip
353,My Name Is Khan,2010,165 min,8,50,Karan Johar
354,Nefes: Vatan Sagolsun,2009,128 min,8,,Levent Semerci
355,Slumdog Millionaire,2008,120 min,8,84,Danny Boyle
356,Black Swan,2010,108 min,8,79,Darren Aronofsky
357,Tropa de Elite,2007,115 min,8,33,José Padilha
358,The Avengers,2012,143 min,8,69,Joss Whedon
359,Persepolis,2007,96 min,8,90,Vincent Paronnaud
360,Dallas Buyers Club,2013,117 min,8,80,Jean-Marc Vallée
361,The Pursuit of Happyness,2006,117 min,8,64,Gabriele Muccino
362,Blood Diamond,2006,143 min,8,64,Edward Zwick
363,The Bourne Ultimatum,2007,115 min,8,85,Paul Greengrass
364,Bin-jip,2004,88 min,8,72,Ki-duk Kim
365,Sin City,2005,124 min,8,74,Frank Miller
366,Le scaphandre et le papillon,2007,112 min,8,92,Julian Schnabel
367,G.O.R.A.,2004,127 min,8,,Ömer Faruk Sorak
368,Ratatouille,2007,111 min,8,96,Brad Bird
369,Casino Royale,2006,144 min,8,80,Martin Campbell
370,Kill Bill: Vol. 2,2004,137 min,8,83,Quentin Tarantino
371,Vozvrashchenie,2003,110 min,8,82,Andrey Zvyagintsev
372,Bom Yeoareum Gaeul Gyeoul Geurigo Bom,2003,103 min,8,85,Ki-duk Kim
373,Mar adentro,2014,126 min,8,74,Alejandro Amenábar
374,Cinderella Man,2005,144 min,8,69,Ron Howard
375,Kal Ho Naa Ho,2003,186 min,8,54,Nikkhil Advani
376,Mou gaan dou,2002,101 min,8,75,Andrew Lau
377,Pirates of the Caribbean: The Curse of the Black Pearl,2003,143 min,8,63,Gore Verbinski
378,Big Fish,2003,125 min,8,58,Tim Burton
379,The Incredibles,2004,115 min,8,90,Brad Bird
380,Yeopgijeogin geunyeo,2001,137 min,8,,Jae-young Kwak
381,Dogville,2003,178 min,8,60,Lars von Trier
382,Vizontele,2001,110 min,8,,Yilmaz Erdogan
383,Donnie Darko,2001,113 min,8,88,Richard Kelly
384,Magnolia,1999,188 min,8,77,Paul Thomas Anderson
385,Dancer in the Dark,2000,140 min,8,61,Lars von Trier
386,The Straight Story,1999,112 min,8,86,David Lynch
387,Pâfekuto burû,1997,81 min,8,,Satoshi Kon
388,Festen,1998,105 min,8,82,Thomas Vinterberg
389,Central do Brasil,1998,110 min,8,80,Walter Salles
390,The Iron Giant,1999,86 min,8,85,Brad Bird
391,Knockin' on Heaven's Door,1997,87 min,8,,Thomas Jahn
392,Sling Blade,1996,135 min,8,84,Billy Bob Thornton
393,Secrets & Lies,1996,136 min,8,91,Mike Leigh
394,Twelve Monkeys,1995,129 min,8,74,Terry Gilliam
395,Kôkaku Kidôtai,1995,83 min,8,76,Mamoru Oshii
396,The Nightmare Before Christmas,1993,76 min,8,82,Henry Selick
397,Groundhog Day,1993,101 min,8,72,Harold Ramis
398,Bound by Honor,1993,180 min,8,47,Taylor Hackford
399,Scent of a Woman,1992,156 min,8,59,Martin Brest
400,Aladdin,1992,90 min,8,86,Ron Clements
401,JFK,1991,189 min,8,72,Oliver Stone
402,Beauty and the Beast,1991,84 min,8,95,Gary Trousdale
403,Dances with Wolves,1990,181 min,8,72,Kevin Costner
404,Do the Right Thing,1989,120 min,8,93,Spike Lee
405,Rain Man,1988,133 min,8,65,Barry Levinson
406,Akira,1988,124 min,8,,Katsuhiro Ôtomo
407,The Princess Bride,1987,98 min,8,77,Rob Reiner
408,Der Himmel über Berlin,1987,128 min,8,79,Wim Wenders
409,Au revoir les enfants,1987,104 min,8,88,Louis Malle
410,Tenkû no shiro Rapyuta,1986,125 min,8,78,Hayao Miyazaki
411,The Terminator,1984,107 min,8,84,James Cameron
412,Gandhi,1982,191 min,8,79,Richard Attenborough
413,Kagemusha,1980,180 min,8,84,Akira Kurosawa
414,Being There,1979,130 min,8,83,Hal Ashby
415,Annie Hall,1977,93 min,8,92,Woody Allen
416,Jaws,1975,124 min,8,87,Steven Spielberg
417,Dog Day Afternoon,1975,125 min,8,86,Sidney Lumet
418,Young Frankenstein,1974,106 min,8,80,Mel Brooks
419,Papillon,1973,151 min,8,58,Franklin J. Schaffner
420,The Exorcist,1973,122 min,8,81,William Friedkin
421,Sleuth,1972,138 min,8,,Joseph L. Mankiewicz
422,The Last Picture Show,1971,118 min,8,93,Peter Bogdanovich
423,Fiddler on the Roof,1971,181 min,8,67,Norman Jewison
424,Il conformista,1970,113 min,8,100,Bernardo Bertolucci
425,Butch Cassidy and the Sundance Kid,1969,110 min,8,66,George Roy Hill
426,Rosemary's Baby,1968,137 min,8,96,Roman Polanski
427,Planet of the Apes,1968,112 min,8,79,Franklin J. Schaffner
428,The Graduate,1967,106 min,8,83,Mike Nichols
429,Who's Afraid of Virginia Woolf?,1966,131 min,8,75,Mike Nichols
430,The Sound of Music,1965,172 min,8,63,Robert Wise
431,Doctor Zhivago,1965,197 min,8,69,David Lean
432,Per un pugno di dollari,1964,99 min,8,65,Sergio Leone
433,8½,1963,138 min,8,91,Federico Fellini
434,Vivre sa vie: Film en douze tableaux,1962,80 min,8,,Jean-Luc Godard
435,The Hustler,1961,134 min,8,90,Robert Rossen
436,La dolce vita,1960,174 min,8,95,Federico Fellini
437,Rio Bravo,1959,141 min,8,93,Howard Hawks
438,Anatomy of a Murder,1959,161 min,8,95,Otto Preminger
439,Touch of Evil,1958,95 min,8,99,Orson Welles
440,Cat on a Hot Tin Roof,1958,108 min,8,84,Richard Brooks
441,Sweet Smell of Success,1957,96 min,8,100,Alexander Mackendrick
442,The Killing,1956,84 min,8,91,Stanley Kubrick
443,The Night of the Hunter,1955,92 min,8,99,Charles Laughton
444,La Strada,1954,108 min,8,,Federico Fellini
445,Les diaboliques,1955,117 min,8,,Henri-Georges Clouzot
446,Stalag 17,1953,120 min,8,84,Billy Wilder
447,Roman Holiday,1953,118 min,8,78,William Wyler
448,A Streetcar Named Desire,1951,122 min,8,97,Elia Kazan
449,In a Lonely Place,1950,94 min,8,,Nicholas Ray
450,Kind Hearts and Coronets,1949,106 min,8,,Robert Hamer
451,Rope,1948,80 min,8,73,Alfred Hitchcock
452,Out of the Past,1947,97 min,8,,Jacques Tourneur
453,Brief Encounter,1945,86 min,8,92,David Lean
454,Laura,1944,88 min,8,,Otto Preminger
455,The Best Years of Our Lives,1946,170 min,8,93,William Wyler
456,Arsenic and Old Lace,1942,118 min,8,,Frank Capra
457,The Maltese Falcon,1941,100 min,8,96,John Huston
458,The Grapes of Wrath,1940,129 min,8,96,John Ford
459,The Wizard of Oz,1939,102 min,8,92,Victor Fleming
460,La règle du jeu,1939,110 min,8,,Jean Renoir
461,The Thin Man,1934,91 min,8,86,W.S. Van Dyke
462,All Quiet on the Western Front,1930,152 min,8,91,Lewis Milestone
463,Bronenosets Potemkin,1925,75 min,8,97,Sergei M. Eisenstein
464,Knives Out,2019,130 min,7.9,82,Rian Johnson
465,Dil Bechara,2020,101 min,7.9,,Mukesh Chhabra
466,Manbiki kazoku,2018,121 min,7.9,93,Hirokazu Koreeda
467,Marriage Story,2019,137 min,7.9,94,Noah Baumbach
468,Call Me by Your Name,2017,132 min,7.9,93,Luca Guadagnino
469,"I, Daniel Blake",2016,100 min,7.9,78,Ken Loach
470,Isle of Dogs,2018,101 min,7.9,82,Wes Anderson
471,Hunt for the Wilderpeople,2016,101 min,7.9,81,Taika Waititi
472,Captain Fantastic,2016,118 min,7.9,72,Matt Ross
473,Sing Street,2016,106 min,7.9,79,John Carney
474,Thor: Ragnarok,2017,130 min,7.9,74,Taika Waititi
475,Nightcrawler,2014,117 min,7.9,76,Dan Gilroy
476,Jojo Rabbit,2019,108 min,7.9,58,Taika Waititi
477,Arrival,2016,116 min,7.9,81,Denis Villeneuve
478,Star Wars: Episode VII - The Force Awakens,2015,138 min,7.9,80,J.J. Abrams
479,Before Midnight,2013,109 min,7.9,94,Richard Linklater
480,X-Men: Days of Future Past,2014,132 min,7.9,75,Bryan Singer
481,Bir Zamanlar Anadolu'da,2011,157 min,7.9,82,Nuri Bilge Ceylan
482,The Artist,2011,100 min,7.9,89,Michel Hazanavicius
483,Edge of Tomorrow,2014,113 min,7.9,71,Doug Liman
484,Amour,2012,127 min,7.9,94,Michael Haneke
485,The Irishman,2019,209 min,7.9,94,Martin Scorsese
486,Un prophète,2009,155 min,7.9,90,Jacques Audiard
487,Moon,2009,97 min,7.9,67,Duncan Jones
488,Låt den rätte komma in,2008,114 min,7.9,82,Tomas Alfredson
489,District 9,2009,112 min,7.9,81,Neill Blomkamp
490,The Wrestler,2008,109 min,7.9,80,Darren Aronofsky
491,Jab We Met,2007,138 min,7.9,,Imtiaz Ali
492,Boyhood,2014,165 min,7.9,100,Richard Linklater
493,"4 luni, 3 saptamâni si 2 zile",2007,113 min,7.9,97,Cristian Mungiu
494,Star Trek,2009,127 min,7.9,82,J.J. Abrams
495,In Bruges,2008,107 min,7.9,67,Martin McDonagh
496,The Man from Earth,2007,87 min,7.9,,Richard Schenkman
497,Letters from Iwo Jima,2006,141 min,7.9,89,Clint Eastwood
498,The Fall,2006,117 min,7.9,64,Tarsem Singh
499,Life of Pi,2012,127 min,7.9,79,Ang Lee
500,Fantastic Mr. Fox,2009,87 min,7.9,83,Wes Anderson
501,C.R.A.Z.Y.,2005,129 min,7.9,81,Jean-Marc Vallée
502,Les choristes,2004,97 min,7.9,56,Christophe 
503,Iron Man,2008,126 min,7.9,79,Jon Favreau
504,Shaun of the Dead,2004,99 min,7.9,76,Edgar Wright
505,Gegen die Wand,2004,121 min,7.9,78,Fatih Akin
506,Mystic River,2003,138 min,7.9,84,Clint Eastwood
507,Harry Potter and the Prisoner of Azkaban,2004,142 min,7.9,82,Alfonso Cuarón
508,Ying xiong,2002,120 min,7.9,85,Yimou Zhang
509,Hable con ella,2002,112 min,7.9,86,Pedro Almodóvar
510,No Man's Land,2001,98 min,7.9,84,Danis Tanovic
511,Cowboy Bebop: Tengoku no tobira,2001,115 min,7.9,61,Shin'ichirô Watanabe
512,The Bourne Identity,2002,119 min,7.9,68,Doug Liman
513,Nueve reinas,2000,114 min,7.9,80,Fabián Bielinsky
514,Children of Men,2006,109 min,7.9,84,Alfonso Cuarón
515,Almost Famous,2000,122 min,7.9,90,Cameron Crowe
516,Mulholland Dr.,2001,147 min,7.9,85,David Lynch
517,Toy Story 2,1999,92 min,7.9,88,John Lasseter
518,Boogie Nights,1997,155 min,7.9,85,Paul Thomas Anderson
519,Mimi wo sumaseba,1995,111 min,7.9,75,Yoshifumi Kondô
520,Once Were Warriors,1994,102 min,7.9,77,Lee Tamahori
521,True Romance,1993,119 min,7.9,59,Tony Scott
522,Trois couleurs: Bleu,1993,94 min,7.9,85,Krzysztof Kieslowski
523,Jûbê ninpûchô,1993,94 min,7.9,,Yoshiaki Kawajiri
524,Carlito's Way,1993,144 min,7.9,65,Brian De Palma
525,Edward Scissorhands,1990,105 min,7.9,74,Tim Burton
526,My Left Foot: The Story of Christy Brown,1989,103 min,7.9,97,Jim Sheridan
527,Crimes and Misdemeanors,1989,104 min,7.9,77,Woody Allen
528,The Untouchables,1987,119 min,7.9,79,Brian De Palma
529,Hannah and Her Sisters,1986,107 min,7.9,90,Woody Allen
530,Brazil,1985,132 min,7.9,84,Terry Gilliam
531,This Is Spinal Tap,1984,82 min,7.9,92,Rob Reiner
532,A Christmas Story,1983,93 min,7.9,77,Bob Clark
533,The Blues Brothers,1980,133 min,7.9,60,John Landis
534,Manhattan,1979,96 min,7.9,83,Woody Allen
535,All That Jazz,1979,123 min,7.9,72,Bob Fosse
536,Dawn of the Dead,1978,127 min,7.9,71,George A. Romero
537,All the President's Men,1976,138 min,7.9,84,Alan J. Pakula
538,La montaña sagrada,1973,114 min,7.9,76,Alejandro Jodorowsky
539,Amarcord,1973,123 min,7.9,,Federico Fellini
540,Le charme discret de la bourgeoisie,1972,102 min,7.9,93,Luis Buñuel
541,"Aguirre, der Zorn Gottes",1972,95 min,7.9,,Werner Herzog
542,Harold and Maude,1971,91 min,7.9,62,Hal Ashby
543,Patton,1970,172 min,7.9,91,Franklin J. Schaffner
544,The Wild Bunch,1969,145 min,7.9,97,Sam Peckinpah
545,Night of the Living Dead,1968,96 min,7.9,89,George A. Romero
546,The Lion in Winter,1968,134 min,7.9,,Anthony Harvey
547,In the Heat of the Night,1967,110 min,7.9,75,Norman Jewison
548,Charade,1963,113 min,7.9,83,Stanley Donen
549,The Manchurian Candidate,1962,126 min,7.9,94,John Frankenheimer
550,Spartacus,1960,197 min,7.9,87,Stanley Kubrick
551,L'avventura,1960,144 min,7.9,,Michelangelo Antonioni
552,Hiroshima mon amour,1959,90 min,7.9,,Alain Resnais
553,The Ten Commandments,1956,220 min,7.9,,Cecil B. DeMille
554,The Searchers,1956,119 min,7.9,94,John Ford
555,East of Eden,1955,118 min,7.9,72,Elia Kazan
556,High Noon,1952,85 min,7.9,89,Fred Zinnemann
557,Strangers on a Train,1951,101 min,7.9,88,Alfred Hitchcock
558,Harvey,1950,104 min,7.9,,Henry Koster
559,Miracle on 34th Street,1947,96 min,7.9,88,George Seaton
560,Notorious,1946,102 min,7.9,100,Alfred Hitchcock
561,The Big Sleep,1946,114 min,7.9,,Howard Hawks
562,The Lost Weekend,1945,101 min,7.9,,Billy Wilder
563,The Philadelphia Story,1940,112 min,7.9,96,George Cukor
564,His Girl Friday,1940,92 min,7.9,,Howard Hawks
565,The Adventures of Robin Hood,1938,102 min,7.9,97,Michael Curtiz
566,A Night at the Opera,1935,96 min,7.9,,Sam Wood
567,King Kong,1933,100 min,7.9,90,Merian C. Cooper
568,Freaks,1932,64 min,7.9,80,Tod Browning
569,Nosferatu,1922,94 min,7.9,,F.W. Murnau
570,The Gentlemen,2019,113 min,7.8,51,Guy Ritchie
571,Raazi,2018,138 min,7.8,,Meghna Gulzar
572,Sound of Metal,2019,120 min,7.8,81,Darius Marder
573,Forushande,2016,124 min,7.8,85,Asghar Farhadi
574,Dunkirk,2017,106 min,7.8,94,Christopher 
575,Perfetti sconosciuti,2016,96 min,7.8,,Paolo Genovese
576,Hidden Figures,2016,127 min,7.8,74,Theodore Melfi
577,Paddington 2,2017,103 min,7.8,88,Paul King
578,Udta Punjab,2016,148 min,7.8,,Abhishek Chaubey
579,Kubo and the Two Strings,2016,101 min,7.8,84,Travis Knight
580,M.S. Dhoni: The Untold Story,2016,184 min,7.8,,Neeraj Pandey
581,Manchester by the Sea,2016,137 min,7.8,96,Kenneth Lonergan
582,Under sandet,2015,100 min,7.8,75,Martin Zandvliet
583,Rogue One,2016,133 min,7.8,65,Gareth Edwards
584,Captain America: Civil War,2016,147 min,7.8,75,Anthony Russo
585,The Hateful Eight,2015,168 min,7.8,68,Quentin Tarantino
586,Little Women,2019,135 min,7.8,91,Greta Gerwig
587,Loving Vincent,2017,94 min,7.8,62,Dorota Kobiela
588,Pride,2014,119 min,7.8,79,Matthew Warchus
589,Le passé,2013,130 min,7.8,85,Asghar Farhadi
590,La grande bellezza,2013,141 min,7.8,86,Paolo Sorrentino
591,The Lunchbox,2013,104 min,7.8,76,Ritesh Batra
592,Vicky Donor,2012,126 min,7.8,,Shoojit Sircar
593,Big Hero 6,2014,102 min,7.8,74,Don Hall
594,About Time,2013,123 min,7.8,55,Richard Curtis
595,English Vinglish,2012,134 min,7.8,,Gauri Shinde
596,Kaze tachinu,2013,126 min,7.8,83,Hayao Miyazaki
597,Toy Story 4,2019,100 min,7.8,84,Josh Cooley
598,La migliore offerta,2013,131 min,7.8,49,Giuseppe Tornatore
599,Moonrise Kingdom,2012,94 min,7.8,84,Wes Anderson
600,How to Train Your Dragon 2,2014,102 min,7.8,76,Dean DeBlois
601,The Big Short,2015,130 min,7.8,81,Adam McKay
602,Kokuhaku,2010,106 min,7.8,,Tetsuya Nakashima
603,Ang-ma-reul bo-at-da,2010,144 min,7.8,67,Jee-woon Kim
604,The Girl with the Dragon Tattoo,2011,158 min,7.8,71,David Fincher
605,Captain Phillips,2013,134 min,7.8,82,Paul Greengrass
606,Ajeossi,2010,119 min,7.8,,Jeong-beom Lee
607,Straight Outta Compton,2015,147 min,7.8,72,F. Gary Gray
608,Madeo,2009,129 min,7.8,79,Bong Joon Ho
609,Chugyeokja,2008,125 min,7.8,64,Hong-jin Na
610,The Hobbit: The Desolation of Smaug,2013,161 min,7.8,66,Peter Jackson
611,Das weiße Band - Eine deutsche Kindergeschichte,2009,144 min,7.8,82,Michael Haneke
612,Män som hatar kvinnor,2009,152 min,7.8,76,Niels Arden Oplev
613,The Trial of the Chicago 7,2020,129 min,7.8,77,Aaron Sorkin
614,Druk,2020,117 min,7.8,81,Thomas Vinterberg
615,The Fighter,2010,116 min,7.8,79,David O. Russell
616,Taken,2008,90 min,7.8,51,Pierre Morel
617,The Boy in the Striped Pyjamas,2008,94 min,7.8,55,Mark Herman
618,Once,2007,86 min,7.8,88,John Carney
619,The Hobbit: An Unexpected Journey,2012,169 min,7.8,58,Peter Jackson
620,Auf der anderen Seite,2007,122 min,7.8,85,Fatih Akin
621,Atonement,2007,123 min,7.8,85,Joe Wright
622,Drive,2011,100 min,7.8,78,Nicolas Winding Refn
623,American Gangster,2007,157 min,7.8,76,Ridley Scott
624,Avatar,2009,162 min,7.8,83,James Cameron
625,Mr. Nobody,2009,141 min,7.8,63,Jaco Van Dormael
626,Apocalypto,2006,139 min,7.8,68,Mel Gibson
627,Little Miss Sunshine,2006,101 min,7.8,80,Jonathan Dayton
628,Hot Fuzz,2007,121 min,7.8,81,Edgar Wright
629,The Curious Case of Benjamin Button,2008,166 min,7.8,70,David Fincher
630,Veer-Zaara,2004,192 min,7.8,67,Yash Chopra
631,Adams æbler,2005,94 min,7.8,51,Anders Thomas Jensen
632,Pride & Prejudice,2005,129 min,7.8,82,Joe Wright
633,The World's Fastest Indian,2005,127 min,7.8,68,Roger Donaldson
634,Tôkyô goddofâzâzu,2003,90 min,7.8,73,Satoshi Kon
635,Serenity,2005,119 min,7.8,74,Joss Whedon
636,Walk the Line,2005,136 min,7.8,72,James Mangold
637,Ondskan,2003,113 min,7.8,61,Mikael Håfström
638,The Notebook,2004,123 min,7.8,53,Nick Cassavetes
639,Diarios de motocicleta,2004,126 min,7.8,75,Walter Salles
640,Lilja 4-ever,2002,109 min,7.8,82,Lukas Moodysson
641,Les triplettes de Belleville,2003,80 min,7.8,91,Sylvain Chomet
642,Gongdong gyeongbi guyeok JSA,2000,110 min,7.8,58,Chan-wook Park
643,The Count of Monte Cristo,2002,131 min,7.8,61,Kevin Reynolds
644,Waking Life,2001,99 min,7.8,83,Richard Linklater
645,Remember the Titans,2000,113 min,7.8,48,Boaz Yakin
646,Wo hu cang long,2000,120 min,7.8,94,Ang Lee
647,Todo sobre mi madre,1999,101 min,7.8,87,Pedro Almodóvar
648,Cast Away,2000,143 min,7.8,73,Robert Zemeckis
649,The Boondock Saints,1999,108 min,7.8,44,Troy Duffy
650,The Insider,1999,157 min,7.8,84,Michael Mann
651,October Sky,1999,108 min,7.8,71,Joe Johnston
652,Shrek,2001,90 min,7.8,84,Andrew Adamson
653,Titanic,1997,194 min,7.8,75,James Cameron
654,Hana-bi,1997,103 min,7.8,,Takeshi Kitano
655,Gattaca,1997,106 min,7.8,64,Andrew Niccol
656,The Game,1997,129 min,7.8,61,David Fincher
657,Breaking the Waves,1996,159 min,7.8,76,Lars von Trier
658,Ed Wood,1994,127 min,7.8,70,Tim Burton
659,What's Eating Gilbert Grape,1993,118 min,7.8,73,Lasse Hallström
660,Tombstone,1993,130 min,7.8,50,George P. Cosmatos
661,The Sandlot,1993,101 min,7.8,55,David Mickey Evans
662,The Remains of the Day,1993,134 min,7.8,84,James Ivory
663,Naked,1993,132 min,7.8,84,Mike Leigh
664,The Fugitive,1993,130 min,7.8,87,Andrew Davis
665,A Bronx Tale,1993,121 min,7.8,80,Robert De Niro
666,Batman: Mask of the Phantasm,1993,76 min,7.8,,Kevin Altieri
667,Lat sau san taam,1992,128 min,7.8,,John Woo
668,Night on Earth,1991,129 min,7.8,68,Jim Jarmusch
669,La double vie de Véronique,1991,98 min,7.8,86,Krzysztof Kieslowski
670,Boyz n the Hood,1991,112 min,7.8,76,John Singleton
671,Misery,1990,107 min,7.8,75,Rob Reiner
672,Awakenings,1990,121 min,7.8,74,Penny Marshall
673,Majo no takkyûbin,1989,103 min,7.8,83,Hayao Miyazaki
674,Glory,1989,122 min,7.8,78,Edward Zwick
675,Dip huet seung hung,1989,111 min,7.8,82,John Woo
676,Back to the Future Part II,1989,108 min,7.8,57,Robert Zemeckis
677,Mississippi Burning,1988,128 min,7.8,65,Alan Parker
678,Predator,1987,107 min,7.8,45,John McTiernan
679,Evil Dead II,1987,84 min,7.8,72,Sam Raimi
680,Ferris Bueller's Day Off,1986,103 min,7.8,61,John Hughes
681,Down by Law,1986,107 min,7.8,75,Jim Jarmusch
682,The Goonies,1985,114 min,7.8,62,Richard Donner
683,The Color Purple,1985,154 min,7.8,78,Steven Spielberg
684,The Breakfast Club,1985,97 min,7.8,66,John Hughes
685,The Killing Fields,1984,141 min,7.8,76,Roland Joffé
686,Ghostbusters,1984,105 min,7.8,71,Ivan Reitman
687,The Right Stuff,1983,193 min,7.8,91,Philip Kaufman
688,The King of Comedy,1982,109 min,7.8,73,Martin Scorsese
689,E.T. the Extra-Terrestrial,1982,115 min,7.8,91,Steven Spielberg
690,Kramer vs. Kramer,1979,105 min,7.8,77,Robert Benton
691,Days of Heaven,1978,94 min,7.8,93,Terrence Malick
692,The Outlaw Josey Wales,1976,135 min,7.8,69,Clint Eastwood
693,The Man Who Would Be King,1975,129 min,7.8,91,John Huston
694,The Conversation,1974,113 min,7.8,85,Francis Ford Coppola
695,La planète sauvage,1973,72 min,7.8,73,René Laloux
696,The Day of the Jackal,1973,143 min,7.8,80,Fred Zinnemann
697,Badlands,1973,94 min,7.8,93,Terrence Malick
698,Cabaret,1972,124 min,7.8,80,Bob Fosse
699,Willy Wonka & the Chocolate Factory,1971,100 min,7.8,67,Mel Stuart
700,Midnight Cowboy,1969,113 min,7.8,79,John Schlesinger
701,Wait Until Dark,1967,108 min,7.8,81,Terence Young
702,Guess Who's Coming to Dinner,1967,108 min,7.8,63,Stanley Kramer
703,Bonnie and Clyde,1967,111 min,7.8,86,Arthur Penn
704,My Fair Lady,1964,170 min,7.8,95,George Cukor
705,Mary Poppins,1964,139 min,7.8,88,Robert Stevenson
706,The Longest Day,1962,178 min,7.8,75,Ken Annakin
707,Jules et Jim,1962,105 min,7.8,97,François Truffaut
708,The Innocents,1961,100 min,7.8,88,Jack Clayton
709,À bout de souffle,1960,90 min,7.8,,Jean-Luc Godard
710,Red River,1948,133 min,7.8,,Howard Hawks
711,Key Largo,1948,100 min,7.8,,John Huston
712,To Have and Have Not,1944,100 min,7.8,,Howard Hawks
713,Shadow of a Doubt,1943,108 min,7.8,94,Alfred Hitchcock
714,Stagecoach,1939,96 min,7.8,93,John Ford
715,The Lady Vanishes,1938,96 min,7.8,98,Alfred Hitchcock
716,Bringing Up Baby,1938,102 min,7.8,91,Howard Hawks
717,Bride of Frankenstein,1935,75 min,7.8,95,James Whale
718,Duck Soup,1933,69 min,7.8,93,Leo McCarey
719,Scarface: The Shame of the Nation,1932,93 min,7.8,87,Howard Hawks
720,Frankenstein,1931,70 min,7.8,91,James Whale
721,Roma,2018,135 min,7.7,96,Alfonso Cuarón
722,God's Own Country,2017,104 min,7.7,85,Francis Lee
723,Deadpool 2,2018,119 min,7.7,66,David Leitch
724,Wind River,2017,107 min,7.7,73,Taylor Sheridan
725,Get Out,2017,104 min,7.7,85,Jordan Peele
726,Mission: Impossible - Fallout,2018,147 min,7.7,86,Christopher 
727,En man som heter Ove,2015,116 min,7.7,70,Hannes Holm
728,What We Do in the Shadows,2014,86 min,7.7,76,Jemaine Clement
729,Omoide no Mânî,2014,103 min,7.7,72,James Simone
730,The Theory of Everything,2014,123 min,7.7,72,James Marsh
731,Kingsman: The Secret Service,2014,129 min,7.7,60,Matthew Vaughn
732,The Fault in Our Stars,2014,126 min,7.7,69,Josh Boone
733,Me and Earl and the Dying Girl,2015,105 min,7.7,74,Alfonso Gomez-Rejon
734,Birdman or (The Unexpected Virtue of Ignorance),2014,119 min,7.7,87,Alejandro G. Iñárritu
735,La vie d'Adèle,2013,180 min,7.7,89,Abdellatif Kechiche
736,Kai po che!,2013,130 min,7.7,40,Abhishek Kapoor
737,The Broken Circle Breakdown,2012,111 min,7.7,70,Felix van Groeningen
738,Captain America: The Winter Soldier,2014,136 min,7.7,70,Anthony Russo
739,Rockstar,2011,159 min,7.7,,Imtiaz Ali
740,Nebraska,2013,115 min,7.7,87,Alexander Payne
741,Wreck-It Ralph,2012,101 min,7.7,72,Rich Moore
742,Le Petit Prince,2015,108 min,7.7,70,Mark Osborne
743,Detachment,2011,98 min,7.7,52,Tony Kaye
744,Midnight in Paris,2011,96 min,7.7,81,Woody Allen
745,The Lego Movie,2014,100 min,7.7,83,Christopher 
746,Gravity,2013,91 min,7.7,96,Alfonso Cuarón
747,Star Trek Into Darkness,2013,132 min,7.7,72,J.J. Abrams
748,Beasts of No Nation,2015,137 min,7.7,79,Cary Joji Fukunaga
749,The Social Network,2010,120 min,7.7,95,David Fincher
750,X: First Class,2011,131 min,7.7,65,Matthew Vaughn
751,The Hangover,2009,100 min,7.7,73,Todd Phillips
752,Skyfall,2012,143 min,7.7,81,Sam Mendes
753,Silver Linings Playbook,2012,122 min,7.7,81,David O. Russell
754,Argo,2012,120 min,7.7,86,Ben Affleck
755,(500) Days of Summer,2009,95 min,7.7,76,Marc Webb
756,Harry Potter and the Deathly Hallows: Part 1,2010,146 min,7.7,65,David Yates
757,Gake no ue no Ponyo,2008,101 min,7.7,86,Hayao Miyazaki
758,Frost/Nixon,2008,122 min,7.7,80,Ron Howard
759,Papurika,2006,90 min,7.7,81,Satoshi Kon
760,Changeling,2008,141 min,7.7,63,Clint Eastwood
761,Flipped,2010,90 min,7.7,45,Rob Reiner
762,Toki o kakeru shôjo,2006,98 min,7.7,,Mamoru Hosoda
763,Death Note: Desu nôto,2006,126 min,7.7,,Shûsuke Kaneko
764,This Is England,2006,101 min,7.7,86,Shane Meadows
765,Ex Machina,2014,108 min,7.7,78,Alex Garland
766,Efter brylluppet,2006,120 min,7.7,78,Susanne Bier
767,The Last King of Scotland,2006,123 min,7.7,74,Kevin Macdonald
768,Zodiac,2007,157 min,7.7,78,David Fincher
769,Lucky Number Slevin,2006,110 min,7.7,53,Paul McGuigan
770,Joyeux Noël,2005,116 min,7.7,70,Christian Carion
771,Control,2007,122 min,7.7,78,Anton Corbijn
772,Tangled,2010,100 min,7.7,71,Nathan Greno
773,Zwartboek,2006,145 min,7.7,71,Paul Verhoeven
774,Brokeback Mountain,2005,134 min,7.7,87,Ang Lee
775,3:10 to Yuma,2007,122 min,7.7,76,James Mangold
776,Crash,2004,112 min,7.7,66,Paul Haggis
777,Kung fu,2004,99 min,7.7,78,Stephen Chow
778,The Bourne Supremacy,2004,108 min,7.7,73,Paul Greengrass
779,The Machinist,2004,101 min,7.7,61,Brad Anderson
780,Ray,2004,152 min,7.7,73,Taylor Hackford
781,Lost in Translation,2003,102 min,7.7,89,Sofia Coppola
782,Harry Potter and the Goblet of Fire,2005,157 min,7.7,81,Mike Newell
783,Man on Fire,2004,146 min,7.7,47,Tony Scott
784,Coraline,2009,100 min,7.7,80,Henry Selick
785,The Last Samurai,2003,154 min,7.7,55,Edward Zwick
786,The Magdalene Sisters,2002,114 min,7.7,83,Peter Mullan
787,Good Bye Lenin!,2003,121 min,7.7,68,Wolfgang Becker
788,In America,2002,105 min,7.7,76,Jim Sheridan
789,I Am Sam,2001,132 min,7.7,28,Jessie Nelson
790,Adaptation.,2002,115 min,7.7,83,Spike Jonze
791,Black Hawk Down,2001,144 min,7.7,74,Ridley Scott
792,Road to Perdition,2002,117 min,7.7,72,Sam Mendes
793,Das Experiment,2001,120 min,7.7,60,Oliver Hirschbiegel
794,Billy Elliot,2000,110 min,7.7,74,Stephen Daldry
795,Hedwig and the Angry Inch,2001,95 min,7.7,85,John Cameron Mitchell
796,Ocean's Eleven,2001,116 min,7.7,74,Steven Soderbergh
797,Vampire Hunter D: Bloodlust,2000,103 min,7.7,62,Yoshiaki Kawajiri
798,"O Brother, Where Art Thou?",2000,107 min,7.7,69,Joel Coen
799,Interstate 60: Episodes of the Road,2002,116 min,7.7,,Bob Gale
800,"South Park: Bigger, Longer & Uncut",1999,81 min,7.7,73,Trey Parker
801,Office Space,1999,89 min,7.7,68,Mike Judge
802,Happiness,1998,134 min,7.7,81,Todd Solondz
803,Training Day,2001,122 min,7.7,69,Antoine Fuqua
804,Rushmore,1998,93 min,7.7,86,Wes Anderson
805,Abre los ojos,1997,119 min,7.7,,Alejandro Amenábar
806,Being John Malkovich,1999,113 min,7.7,90,Spike Jonze
807,As Good as It Gets,1997,139 min,7.7,67,James L. Brooks
808,The Fifth Element,1997,126 min,7.7,52,Luc Besson
809,Le dîner de cons,1998,80 min,7.7,73,Francis Veber
810,Donnie Brasco,1997,127 min,7.7,76,Mike Newell
811,Shine,1996,105 min,7.7,87,Scott Hicks
812,Primal Fear,1996,129 min,7.7,47,Gregory Hoblit
813,Hamlet,1996,242 min,7.7,,Kenneth Branagh
814,A Little Princess,1995,97 min,7.7,83,Alfonso Cuarón
815,Do lok tin si,1995,99 min,7.7,71,Kar-Wai Wong
816,Il postino,1994,108 min,7.7,81,Michael Radford
817,Clerks,1994,92 min,7.7,70,Kevin Smith
818,Short Cuts,1993,188 min,7.7,79,Robert Altman
819,Philadelphia,1993,125 min,7.7,66,Jonathan Demme
820,The Muppet Christmas Carol,1992,85 min,7.7,64,Brian Henson
821,Malcolm X,1992,202 min,7.7,73,Spike Lee
822,The Last of the Mohicans,1992,112 min,7.7,76,Michael Mann
823,Kurenai no buta,1992,94 min,7.7,83,Hayao Miyazaki
824,Glengarry Glen Ross,1992,100 min,7.7,82,James Foley
825,A Few Good Men,1992,138 min,7.7,62,Rob Reiner
826,Fried Green Tomatoes,1991,130 min,7.7,64,Jon Avnet
827,Barton Fink,1991,116 min,7.7,69,Joel Coen
828,Miller's Crossing,1990,115 min,7.7,66,Joel Coen
829,Who Framed Roger Rabbit,1988,104 min,7.7,83,Robert Zemeckis
830,Spoorloos,1988,107 min,7.7,,George Sluizer
831,Withnail & I,1987,107 min,7.7,84,Bruce Robinson
832,The Last Emperor,1987,163 min,7.7,76,Bernardo Bertolucci
833,Empire of the Sun,1987,153 min,7.7,62,Steven Spielberg
834,Der Name der Rose,1986,130 min,7.7,54,Jean-Jacques Annaud
835,Blue Velvet,1986,120 min,7.7,76,David Lynch
836,The Purple Rose of Cairo,1985,82 min,7.7,75,Woody Allen
837,After Hours,1985,97 min,7.7,90,Martin Scorsese
838,Zelig,1983,79 min,7.7,,Woody Allen
839,The Verdict,1982,129 min,7.7,77,Sidney Lumet
840,Star Trek II: The Wrath of Khan,1982,113 min,7.7,67,Nicholas Meyer
841,First Blood,1982,93 min,7.7,61,Ted Kotcheff
842,Ordinary People,1980,124 min,7.7,86,Robert Redford
843,Airplane!,1980,88 min,7.7,78,Jim Abrahams
844,Rupan sansei: Kariosutoro no shiro,1979,100 min,7.7,71,Hayao Miyazaki
845,Halloween,1978,91 min,7.7,87,John Carpenter
846,Le locataire,1976,126 min,7.7,71,Roman Polanski
847,Love and Death,1975,85 min,7.7,89,Woody Allen
848,The Taking of Pelham One Two Three,1974,104 min,7.7,68,Joseph Sargent
849,Blazing Saddles,1974,93 min,7.7,73,Mel Brooks
850,Serpico,1973,130 min,7.7,87,Sidney Lumet
851,Enter the Dragon,1973,102 min,7.7,83,Robert Clouse
852,Deliverance,1972,109 min,7.7,80,John Boorman
853,The French Connection,1971,104 min,7.7,94,William Friedkin
854,Dirty Harry,1971,102 min,7.7,90,Don Siegel
855,Where Eagles Dare,1968,158 min,7.7,63,Brian G. Hutton
856,The Odd Couple,1968,105 min,7.7,86,Gene Saks
857,The Dirty Dozen,1967,150 min,7.7,73,Robert Aldrich
858,Belle de jour,1967,100 min,7.7,,Luis Buñuel
859,A Man for All Seasons,1966,120 min,7.7,72,Fred Zinnemann
860,Repulsion,1965,105 min,7.7,91,Roman Polanski
861,Zulu,1964,138 min,7.7,77,Cy Endfield
862,Goldfinger,1964,110 min,7.7,87,Guy Hamilton
863,The Birds,1963,119 min,7.7,90,Alfred Hitchcock
864,Cape Fear,1962,106 min,7.7,76,J. Lee Thompson
865,Peeping Tom,1960,101 min,7.7,,Michael Powell
866,The Magnificent Seven,1960,128 min,7.7,74,John Sturges
867,Les yeux sans visage,1960,90 min,7.7,90,Georges Franju
868,Invasion of the Body Snatchers,1956,80 min,7.7,92,Don Siegel
869,Rebel Without a Cause,1955,111 min,7.7,89,Nicholas Ray
870,The Ladykillers,1955,91 min,7.7,91,Alexander Mackendrick
871,Sabrina,1954,113 min,7.7,72,Billy Wilder
872,The Quiet Man,1952,129 min,7.7,,John Ford
873,The Day the Earth Stood Still,1951,92 min,7.7,,Robert Wise
874,The African Queen,1951,105 min,7.7,91,John Huston
875,Gilda,1946,110 min,7.7,,Charles Vidor
876,Fantasia,1940,125 min,7.7,96,James Algar
877,The Invisible Man,1933,71 min,7.7,87,James Whale
878,Dark Waters,2019,126 min,7.6,73,Todd Haynes
879,Searching,2018,102 min,7.6,71,Aneesh Chaganty
880,Once Upon a Time... in Hollywood,2019,161 min,7.6,83,Quentin Tarantino
881,Nelyubov,2017,127 min,7.6,86,Andrey Zvyagintsev
882,The Florida Project,2017,111 min,7.6,92,Sean Baker
883,Just Mercy,2019,137 min,7.6,68,Destin Daniel Cretton
884,Gifted,2017,101 min,7.6,60,Marc Webb
885,The Peanut Butter Falcon,2019,97 min,7.6,70,Tyler Nilson
886,Victoria,2015,138 min,7.6,77,Sebastian Schipper
887,Mustang,2015,97 min,7.6,83,Deniz Gamze Ergüven
888,Guardians of the Galaxy Vol. 2,2017,136 min,7.6,67,James Gunn
889,Baby Driver,2017,113 min,7.6,86,Edgar Wright
890,Only the Brave,2017,134 min,7.6,72,Joseph Kosinski
891,Bridge of Spies,2015,142 min,7.6,81,Steven Spielberg
892,Incredibles 2,2018,118 min,7.6,80,Brad Bird
893,Moana,2016,107 min,7.6,81,Ron Clements
894,Sicario,2015,121 min,7.6,82,Denis Villeneuve
895,Creed,2015,133 min,7.6,82,Ryan Coogler
896,Leviafan,2014,140 min,7.6,92,Andrey Zvyagintsev
897,Hell or High Water,2016,102 min,7.6,88,David Mackenzie
898,Philomena,2013,98 min,7.6,77,Stephen Frears
899,Dawn of the Planet of the Apes,2014,130 min,7.6,79,Matt Reeves
900,El cuerpo,2012,112 min,7.6,,Oriol Paulo
901,Serbuan maut,2011,101 min,7.6,73,Gareth Evans
902,End of Watch,2012,109 min,7.6,68,David Ayer
903,Kari-gurashi no Arietti,2010,94 min,7.6,80,Hiromasa Yonebayashi
904,A Star Is Born,2018,136 min,7.6,88,Bradley Cooper
905,True Grit,2010,110 min,7.6,80,Ethan Coen
906,Hævnen,2010,118 min,7.6,65,Susanne Bier
907,Despicable Me,2010,95 min,7.6,72,Pierre Coffin
908,50/50,2011,100 min,7.6,72,Jonathan Levine
909,Kick-Ass,2010,117 min,7.6,66,Matthew Vaughn
910,Celda 211,2009,113 min,7.6,,Daniel Monzón
911,Moneyball,2011,133 min,7.6,87,Bennett Miller
912,La piel que habito,2011,120 min,7.6,70,Pedro Almodóvar
913,Zombieland,2009,88 min,7.6,73,Ruben Fleischer
914,Die Welle,2008,107 min,7.6,,Dennis Gansel
915,Sherlock Holmes,2009,128 min,7.6,57,Guy Ritchie
916,The Blind Side,2009,129 min,7.6,53,John Lee Hancock
917,The Visitor,2007,104 min,7.6,79,Tom McCarthy
918,Seven Pounds,2008,123 min,7.6,36,Gabriele Muccino
919,Eastern Promises,2007,100 min,7.6,82,David Cronenberg
920,Stardust,2007,127 min,7.6,66,Matthew Vaughn
921,The Secret of Kells,2009,71 min,7.6,81,Tomm Moore
922,Inside Man,2006,129 min,7.6,76,Spike Lee
923,Gone Baby Gone,2007,114 min,7.6,72,Ben Affleck
924,La Vie En Rose,2007,140 min,7.6,66,Olivier Dahan
925,Huo Yuan Jia,2006,104 min,7.6,70,Ronny Yu
926,The Illusionist,2006,110 min,7.6,68,Neil Burger
927,Dead Man's Shoes,2004,90 min,7.6,52,Shane Meadows
928,Harry Potter and the Half-Blood Prince,2009,153 min,7.6,78,David Yates
929,300,2006,117 min,7.6,52,Zack Snyder
930,Match Point,2005,124 min,7.6,72,Woody Allen
931,Watchmen,2009,162 min,7.6,56,Zack Snyder
932,Lord of War,2005,122 min,7.6,62,Andrew Niccol
933,Saw,2004,103 min,7.6,46,James Wan
934,"Synecdoche, New York",2008,124 min,7.6,67,Charlie Kaufman
935,Mysterious Skin,2004,105 min,7.6,73,Gregg Araki
936,Jeux d'enfants,2003,93 min,7.6,45,Yann Samuell
937,Un long dimanche de fiançailles,2004,133 min,7.6,76,Jean-Pierre Jeunet
938,The Station Agent,2003,89 min,7.6,81,Tom McCarthy
939,21 Grams,2003,124 min,7.6,70,Alejandro G. Iñárritu
940,Boksuneun naui geot,2002,129 min,7.6,56,Chan-wook Park
941,Finding Neverland,2004,106 min,7.6,67,Marc Forster
942,25th Hour,2002,135 min,7.6,68,Spike Lee
943,The Butterfly Effect,2004,113 min,7.6,30,Eric Bress
944,28 Days Later...,2002,113 min,7.6,73,Danny Boyle
945,Batoru rowaiaru,2000,114 min,7.6,81,Kinji Fukasaku
946,The Royal Tenenbaums,2001,110 min,7.6,76,Wes Anderson
947,Y tu mamá también,2001,106 min,7.6,88,Alfonso Cuarón
948,Harry Potter and the Sorcerer's Stone,2001,152 min,7.6,64,Chris Columbus
949,The Others,2001,101 min,7.6,74,Alejandro Amenábar
950,Blow,2001,124 min,7.6,52,Ted Demme
951,Enemy at the Gates,2001,131 min,7.6,53,Jean-Jacques Annaud
952,Minority Report,2002,145 min,7.6,80,Steven Spielberg
953,The Hurricane,1999,146 min,7.6,74,Norman Jewison
954,American Psycho,2000,101 min,7.6,64,Mary Harron
955,Lola rennt,1998,81 min,7.6,77,Tom Tykwer
956,The Thin Red Line,1998,170 min,7.6,78,Terrence Malick
957,Mulan,1998,88 min,7.6,71,Tony Bancroft
958,Fear and Loathing in Las Vegas,1998,118 min,7.6,41,Terry Gilliam
959,Funny Games,1997,108 min,7.6,69,Michael Haneke
960,Dark City,1998,100 min,7.6,66,Alex Proyas
961,Sleepers,1996,147 min,7.6,49,Barry Levinson
962,Lost Highway,1997,134 min,7.6,52,David Lynch
963,Sense and Sensibility,1995,136 min,7.6,84,Ang Lee
964,Die Hard: With a Vengeance,1995,128 min,7.6,58,John McTiernan
965,Dead Man,1995,121 min,7.6,62,Jim Jarmusch
966,The Bridges of Madison County,1995,135 min,7.6,69,Clint Eastwood
967,Apollo 13,PG,140 min,7.6,77,Ron Howard
968,Trois couleurs: Blanc,1994,92 min,7.6,88,Krzysztof Kieslowski
969,Falling Down,1993,113 min,7.6,56,Joel Schumacher
970,Dazed and Confused,1993,102 min,7.6,78,Richard Linklater
971,My Cousin Vinny,1992,120 min,7.6,68,Jonathan Lynn
972,Omohide poro poro,1991,118 min,7.6,90,Isao Takahata
973,Delicatessen,1991,99 min,7.6,66,Marc Caro
974,Home Alone,1990,103 min,7.6,63,Chris Columbus
975,The Godfather: Part III,1990,162 min,7.6,60,Francis Ford Coppola
976,When Harry Met Sally...,1989,95 min,7.6,76,Rob Reiner
977,The Little Mermaid,1989,83 min,7.6,88,Ron Clements
978,The Naked Gun: From the Files of Police Squad!,1988,85 min,7.6,76,David Zucker
979,"Planes, Trains & Automobiles",1987,93 min,7.6,72,John Hughes
980,Lethal Weapon,1987,109 min,7.6,68,Richard Donner
981,Blood Simple,1984,99 min,7.6,82,Joel Coen
982,On Golden Pond,1981,109 min,7.6,68,Mark Rydell
983,Mad Max 2,1981,96 min,7.6,77,George Miller
984,The Warriors,1979,92 min,7.6,65,Walter Hill
985,The Muppet Movie,1979,95 min,7.6,74,James Frawley
986,Escape from Alcatraz,1979,112 min,7.6,76,Don Siegel
987,Watership Down,1978,91 min,7.6,64,Martin Rosen
988,Midnight Express,1978,121 min,7.6,59,Alan Parker
989,Close Encounters of the Third Kind,1977,138 min,7.6,90,Steven Spielberg
990,The Long Goodbye,1973,112 min,7.6,87,Robert Altman
991,Giù la testa,1971,157 min,7.6,77,Sergio Leone
992,Kelly's Heroes,1970,144 min,7.6,50,Brian G. Hutton
993,The Jungle Book,1967,78 min,7.6,65,Wolfgang Reitherman
994,Blowup,1966,111 min,7.6,82,Michelangelo Antonioni
995,A Hard Day's Night,1964,87 min,7.6,96,Richard Lester
996,Breakfast at Tiffany's,1961,115 min,7.6,76,Blake Edwards
997,Giant,1956,201 min,7.6,84,George Stevens
998,From Here to Eternity,1953,118 min,7.6,85,Fred Zinnemann
999,Lifeboat,1944,97 min,7.6,78,Alfred Hitchcock
1000,The 39 Steps,1935,86 min,7.6,93,Alfred Hitchcock
